total,iaea,close,user,geo_u,geo_th
0.00300837723,0.00121795189,0.00068025011,0.00000000000,0.00105544720,0.00073497815
0.01280828957,0.00483378571,0.00266532476,0.00000000000,0.00470346091,0.00327104295
0.01820627358,0.00674394858,0.00363872378,0.00000000000,0.00676567219,0.00469665281
0.02265474151,0.00838563059,0.00440153099,0.00000000000,0.00842887940,0.00584023152
0.02652101635,0.00976989246,0.00514573432,0.00000000000,0.00990276004,0.00684836385
0.03018001040,0.01116747684,0.00597850658,0.00000000000,0.01123849033,0.00777404322
0.03353868855,0.01241910714,0.00694749708,0.00000000000,0.01247620986,0.00864337156
0.03702917920,0.01385796024,0.00804368097,0.00000000000,0.01369995253,0.00947126644
0.04032758157,0.01517774103,0.00921017829,0.00000000000,0.01488287544,0.01026696510
0.04329639011,0.01672541248,0.01036044788,0.00000000000,0.01553446945,0.01103650819
0.04615862870,0.01809951199,0.01140265175,0.00000000000,0.01627512751,0.01178398920
0.04918703149,0.01934136938,0.01226453210,0.00000000000,0.01733332565,0.01251233646
0.05207483672,0.02047627767,0.01291297781,0.00000000000,0.01837502364,0.01322353541
0.05465069713,0.02132948797,0.01336391907,0.00000000000,0.01940217429,0.01391903487
0.05691534981,0.02206487323,0.01368063028,0.00000000000,0.02041618736,0.01443428922
0.05929996219,0.02278702059,0.01396123355,0.00000000000,0.02141804748,0.01509489412
0.06153734125,0.02338684554,0.01431852529,0.00000000000,0.02240839644,0.01574209927
0.06414681524,0.02438310732,0.01485671890,0.00000000000,0.02338759628,0.01637611164
0.06666021261,0.02530749506,0.01565007892,0.00000000000,0.02435577865,0.01699693889
0.06968527885,0.02676757127,0.01672774630,0.00000000000,0.02531300389,0.01760470369
0.07282998091,0.02837187873,0.01806756563,0.00000000000,0.02625907179,0.01819903039
0.07598765562,0.03001418615,0.01959980191,0.00000000000,0.02719375743,0.01877971204
0.07917882458,0.03171572002,0.02121969431,0.00000000000,0.02811665491,0.01934644966
0.08242490941,0.03349896269,0.02280620904,0.00000000000,0.02902708676,0.01989885997
0.08524092948,0.03487911885,0.02424338001,0.00000000000,0.02992522030,0.02043659033
0.08800797156,0.03623869939,0.02544038167,0.00000000000,0.03081018334,0.02095908883
0.08995502027,0.03706355454,0.02634693107,0.00000000000,0.03168132312,0.02121014261
0.08977621991,0.03786339480,0.02696161796,0.00000000000,0.03253801979,0.01937480532
0.09162010328,0.03843222820,0.02733208612,0.00000000000,0.03337963978,0.01980823530
0.09349899620,0.03906590259,0.02754738232,0.00000000000,0.03420538769,0.02022770592
0.09568073915,0.04003338596,0.02772401735,0.00000000000,0.03501458061,0.02063277257
0.09753696823,0.04070754735,0.02798816697,0.00000000000,0.03580641491,0.02102300597
0.09982820274,0.04185032234,0.02845687522,0.00000000000,0.03658009521,0.02139778519
0.10234560534,0.04325405946,0.02922108806,0.00000000000,0.03733479595,0.02175674993
0.10539279097,0.04522382018,0.03033289379,0.00000000000,0.03806965318,0.02209931761
0.10846076005,0.04725197266,0.03179858766,0.00000000000,0.03878379745,0.02242498994
0.11180088870,0.04959140207,0.03357825162,0.00000000000,0.03947630997,0.02273317666
0.11534582083,0.05217611962,0.03559159553,0.00000000000,0.04014625272,0.02302344849
0.11874174162,0.05465415861,0.03772897537,0.00000000000,0.04079264381,0.02329493920
0.12253385789,0.05757220933,0.03986588925,0.00000000000,0.04141449039,0.02354715818
0.12556522133,0.05977515751,0.04187891344,0.00000000000,0.04201071730,0.02377934651
0.12864707041,0.06207615286,0.04366099393,0.00000000000,0.04258027958,0.02399063797
0.13151394382,0.06421153911,0.04513423106,0.00000000000,0.04312207740,0.02418032731
0.13337502574,0.06539227487,0.04625872955,0.00000000000,0.04363501093,0.02434773994
0.13520666000,0.06659627879,0.04703665859,0.00000000000,0.04411813394,0.02449224726
0.12093340959,0.06702284406,0.04751129242,0.00000000000,0.04457055230,0.00934001322
0.10719333937,0.06696097102,0.04776140142,0.00000000000,0.04023236835,0.00000000000
0.07596487487,0.06729875373,0.04789186877,0.00000000000,0.00866612114,0.00000000000
0.07576405269,0.06690768068,0.04802177033,0.00000000000,0.00885637201,0.00000000000
0.07655043624,0.06750375027,0.04827134881,0.00000000000,0.00904668597,0.00000000000
0.07727113816,0.06803413824,0.04874933304,0.00000000000,0.00923699992,0.00000000000
0.07833802318,0.06891081627,0.04954191565,0.00000000000,0.00942720691,0.00000000000
0.08015163053,0.07053437296,0.05070443722,0.00000000000,0.00961725756,0.00000000000
0.08151530912,0.07170826420,0.05225647435,0.00000000000,0.00980704492,0.00000000000
0.08379431319,0.07379780456,0.05418063722,0.00000000000,0.00999650863,0.00000000000
0.08624010722,0.07605454903,0.05642499346,0.00000000000,0.01018555820,0.00000000000
0.08859361959,0.07821952471,0.05890868826,0.00000000000,0.01037409488,0.00000000000
0.09182011249,0.08125806239,0.06153005532,0.00000000000,0.01056205010,0.00000000000
0.09505554301,0.08430621240,0.06417632908,0.00000000000,0.01074933061,0.00000000000
0.09814786175,0.08721201583,0.06673398337,0.00000000000,0.01093584592,0.00000000000
0.10072609448,0.08960457527,0.06909873398,0.00000000000,0.01112151920,0.00000000000
0.10372001374,0.09241386348,0.07118434080,0.00000000000,0.01130615026,0.00000000000
0.10615859028,0.09466952315,0.07292951202,0.00000000000,0.01148906712,0.00000000000
0.10834966919,0.09667801159,0.07430242650,0.00000000000,0.01167165761,0.00000000000
0.11028138942,0.09842836732,0.07530262709,0.00000000000,0.01185302210,0.00000000000
0.11158936730,0.09955628076,0.07596027525,0.00000000000,0.01203308654,0.00000000000
0.11309539588,0.10088366014,0.07633297487,0.00000000000,0.01221173575,0.00000000000
0.11439222989,0.10200330132,0.07650055518,0.00000000000,0.01238892857,0.00000000000
0.11440109441,0.10183658572,0.07655833720,0.00000000000,0.01256450868,0.00000000000
0.11520405301,0.10246564001,0.07660948979,0.00000000000,0.01273841300,0.00000000000
0.11685275890,0.10394221338,0.07675710809,0.00000000000,0.01291054553,0.00000000000
0.11798294354,0.10490215522,0.07709662331,0.00000000000,0.01308078832,0.00000000000
0.11895755005,0.10570847174,0.07770908449,0.00000000000,0.01324907831,0.00000000000
0.12125832973,0.10784304040,0.07865575021,0.00000000000,0.01341528932,0.00000000000
0.12408170274,0.11050235543,0.07997430235,0.00000000000,0.01357934731,0.00000000000
0.12584097654,0.11209984770,0.08167685601,0.00000000000,0.01374112884,0.00000000000
0.12878278765,0.11488224423,0.08374980143,0.00000000000,0.01390054342,0.00000000000
0.13245912328,0.11840162276,0.08615538467,0.00000000000,0.01405750053,0.00000000000
0.13521667753,0.12100478981,0.08883482226,0.00000000000,0.01421188771,0.00000000000
0.13830970250,0.12394610997,0.09171265693,0.00000000000,0.01436359253,0.00000000000
0.14273543583,0.12822290862,0.09470200047,0.00000000000,0.01451252721,0.00000000000
0.14636002146,0.13170143942,0.09771027753,0.00000000000,0.01465858204,0.00000000000
0.14892486645,0.13412323285,0.10064507962,0.00000000000,0.01480163360,0.00000000000
0.15317075279,0.13822918334,0.10341975930,0.00000000000,0.01494156944,0.00000000000
0.15639820008,0.14131987908,0.10595843716,0.00000000000,0.01507832100,0.00000000000
0.15887234631,0.14366059791,0.10820015346,0.00000000000,0.01521174839,0.00000000000
0.16046636993,0.14581326783,0.11010196660,0.00000000000,0.01465310210,0.00000000000
0.16270066529,0.14814533259,0.11164087764,0.00000000000,0.01455533269,0.00000000000
0.16448009893,0.14979526092,0.11281453686,0.00000000000,0.01468483801,0.00000000000
0.16578943712,0.15097812449,0.11364076205,0.00000000000,0.01481131263,0.00000000000
0.16625434906,0.15131971593,0.11415596342,0.00000000000,0.01493463313,0.00000000000
0.16762047791,0.15256575519,0.11441262466,0.00000000000,0.01505472272,0.00000000000
0.16794801944,0.15277654227,0.11447603095,0.00000000000,0.01517147717,0.00000000000
0.16746551513,0.15218070093,0.11442046246,0.00000000000,0.01528481421,0.00000000000
0.16829959709,0.15290497023,0.11432508475,0.00000000000,0.01539462686,0.00000000000
0.16849504015,0.15299419359,0.11426976751,0.00000000000,0.01550084656,0.00000000000
0.16876876606,0.15316541069,0.11433105003,0.00000000000,0.01560335537,0.00000000000
0.16831677207,0.15261470379,0.11457844920,0.00000000000,0.01570206828,0.00000000000
0.16847146812,0.15267457610,0.11507127443,0.00000000000,0.01579689201,0.00000000000
0.16968809289,0.15380033212,0.11585607702,0.00000000000,0.01588776076,0.00000000000
0.16994131756,0.15396675823,0.11696482133,0.00000000000,0.01597455933,0.00000000000
0.17105087063,0.15499368714,0.11841382383,0.00000000000,0.01605718349,0.00000000000
0.17224258652,0.15610696150,0.12020346590,0.00000000000,0.01613562502,0.00000000000
0.17481267090,0.15860295704,0.12231864968,0.00000000000,0.01620971386,0.00000000000
0.17724802056,0.16096862539,0.12472993332,0.00000000000,0.01627939517,0.00000000000
0.17936017205,0.16301560185,0.12739525547,0.00000000000,0.01634457020,0.00000000000
0.18209454036,0.16568937271,0.13026213844,0.00000000000,0.01640516766,0.00000000000
0.18536339173,0.16890226729,0.13327024559,0.00000000000,0.01646112444,0.00000000000
0.18938444460,0.17287213844,0.13635416189,0.00000000000,0.01651230616,0.00000000000
0.19262794379,0.17606925838,0.13944626559,0.00000000000,0.01655868540,0.00000000000
0.19583788571,0.17923772229,0.14247956474,0.00000000000,0.01660016342,0.00000000000
0.19952369049,0.18288701885,0.14539038232,0.00000000000,0.01663667164,0.00000000000
0.20386158759,0.18719350917,0.14812078802,0.00000000000,0.01666807842,0.00000000000
0.20677401360,0.19007956676,0.15062069285,0.00000000000,0.01669444684,0.00000000000
0.20920581079,0.19249023136,0.15284954164,0.00000000000,0.01671557943,0.00000000000
0.21253511764,0.19580368534,0.15477755974,0.00000000000,0.01673143229,0.00000000000
0.21475923024,0.19801723577,0.15638653069,0.00000000000,0.01674199447,0.00000000000
0.21705241505,0.20030529445,0.15767010165,0.00000000000,0.01674712060,0.00000000000
0.21868773534,0.20194091370,0.15863363204,0.00000000000,0.01674682164,0.00000000000
0.21949458682,0.20275357972,0.15929361702,0.00000000000,0.01674100710,0.00000000000
0.22127224557,0.20454263718,0.15967673140,0.00000000000,0.01672960839,0.00000000000
0.22271421448,0.20600162461,0.15981855055,0.00000000000,0.01671258987,0.00000000000
0.22259908383,0.20590920909,0.15976201286,0.00000000000,0.01668987474,0.00000000000
0.22301572895,0.20635426595,0.15955569314,0.00000000000,0.01666146300,0.00000000000
0.22199399808,0.20536673394,0.15925195850,0.00000000000,0.01662726414,0.00000000000
0.22221775641,0.20563048922,0.15890507731,0.00000000000,0.01658726719,0.00000000000
0.22308568308,0.20654426852,0.15856934877,0.00000000000,0.01654141455,0.00000000000
0.22337829826,0.20688862220,0.15829731526,0.00000000000,0.01648967606,0.00000000000
0.22238165956,0.20594965997,0.15813811241,0.00000000000,0.01643199959,0.00000000000
0.22338760309,0.20701922890,0.15813600358,0.00000000000,0.01636837419,0.00000000000
0.22383579908,0.20753702666,0.15832913609,0.00000000000,0.01629877242,0.00000000000
0.22503647187,0.20881331324,0.15874854654,0.00000000000,0.01622315863,0.00000000000
0.22644701185,0.21030546532,0.15941743294,0.00000000000,0.01614154653,0.00000000000
0.22685412308,0.21080028569,0.16035070111,0.00000000000,0.01605383738,0.00000000000
0.22729031695,0.21133024462,0.16155478414,0.00000000000,0.01596007233,0.00000000000
0.22922240595,0.21336221491,0.16302772490,0.00000000000,0.01586019103,0.00000000000
0.23175778833,0.21600361404,0.16475950415,0.00000000000,0.01575417429,0.00000000000
0.23305545972,0.21741347327,0.16673259069,0.00000000000,0.01564198645,0.00000000000
0.23457259661,0.21904901847,0.16892268465,0.00000000000,0.01552357815,0.00000000000
0.23605863293,0.22065976584,0.17129962136,0.00000000000,0.01539886709,0.00000000000
0.23838386688,0.22311611782,0.17382840064,0.00000000000,0.01526774906,0.00000000000
0.24073691290,0.22560671901,0.17647030518,0.00000000000,0.01513019389,0.00000000000
0.24251284751,0.22752682970,0.17918407134,0.00000000000,0.01498601782,0.00000000000
0.24540454993,0.23056948542,0.18192707703,0.00000000000,0.01483506450,0.00000000000
0.24604367882,0.23136648475,0.18465651286,0.00000000000,0.01467719407,0.00000000000
0.24925767870,0.23474530783,0.18733050581,0.00000000000,0.01451237087,0.00000000000
0.25040424055,0.23606365936,0.18990916777,0.00000000000,0.01434058119,0.00000000000
0.24103083524,0.23845641999,0.19235554553,0.00000000000,0.00257441525,0.00000000000
0.23975059738,0.23973598696,0.19463645260,0.00000000000,0.00001461042,0.00000000000
0.24087576371,0.24086095307,0.19672316810,0.00000000000,0.00001481064,0.00000000000
0.24251660007,0.24250178943,0.19859199219,0.00000000000,0.00001481064,0.00000000000
0.24280323374,0.24278842310,0.20022465195,0.00000000000,0.00001481064,0.00000000000
0.24434123286,0.24432615618,0.20160855608,0.00000000000,0.00001507668,0.00000000000
0.24441899996,0.24440391505,0.20273690041,0.00000000000,0.00001508491,0.00000000000
0.24435666676,0.24434158185,0.20360863005,0.00000000000,0.00001508491,0.00000000000
0.24439757772,0.24438237761,0.20422826723,0.00000000000,0.00001520010,0.00000000000
0.24362473230,0.24360937312,0.20460561623,0.00000000000,0.00001535918,0.00000000000
0.24445742949,0.24444207031,0.20475535942,0.00000000000,0.00001535918,0.00000000000
0.24338628370,0.24337092452,0.20469656000,0.00000000000,0.00001535918,0.00000000000
0.24315180639,0.24313630459,0.20445208790,0.00000000000,0.00001550180,0.00000000000
0.24279379924,0.24277816579,0.20404798652,0.00000000000,0.00001563345,0.00000000000
0.24101254886,0.24099691541,0.20351279789,0.00000000000,0.00001563345,0.00000000000
0.24071105017,0.24069541672,0.20287686349,0.00000000000,0.00001563345,0.00000000000
0.24033493407,0.24031927593,0.20217161784,0.00000000000,0.00001565814,0.00000000000
0.23985635122,0.23984044350,0.20142889052,0.00000000000,0.00001590772,0.00000000000
0.23942513842,0.23940923070,0.20068023133,0.00000000000,0.00001590772,0.00000000000
0.23761846624,0.23760255852,0.19995627184,0.00000000000,0.00001590772,0.00000000000
0.23724052332,0.23722461559,0.19928613468,0.00000000000,0.00001590772,0.00000000000
0.23607422491,0.23605831719,0.19869690047,0.00000000000,0.00001590772,0.00000000000
0.23508778956,0.23507167888,0.19821314009,0.00000000000,0.00001611068,0.00000000000
0.23532374161,0.23530755961,0.19785651840,0.00000000000,0.00001618199,0.00000000000
0.23458101753,0.23456483554,0.19764547341,0.00000000000,0.00001618199,0.00000000000
0.23425172937,0.23423554738,0.19759497319,0.00000000000,0.00001618199,0.00000000000
0.23433631982,0.23432013783,0.19771635102,0.00000000000,0.00001618199,0.00000000000
0.23392466838,0.23390848639,0.19801721776,0.00000000000,0.00001618199,0.00000000000
0.23399853226,0.23398235027,0.19850144885,0.00000000000,0.00001618199,0.00000000000
0.23530901732,0.23529281339,0.19916924195,0.00000000000,0.00001620393,0.00000000000
0.23561755994,0.23560110367,0.20001724048,0.00000000000,0.00001645626,0.00000000000
0.23701008398,0.23699362772,0.20103871685,0.00000000000,0.00001645626,0.00000000000
0.23868801228,0.23867155602,0.20222380879,0.00000000000,0.00001645626,0.00000000000
0.23907863950,0.23906218323,0.20355980147,0.00000000000,0.00001645626,0.00000000000
0.24127326037,0.24125680410,0.20503144779,0.00000000000,0.00001645626,0.00000000000
0.24258483751,0.24256838124,0.20662131884,0.00000000000,0.00001645626,0.00000000000
0.24446788389,0.24445142763,0.20831017672,0.00000000000,0.00001645626,0.00000000000
0.24617962168,0.24616316542,0.21007736177,0.00000000000,0.00001645626,0.00000000000
0.24839368434,0.24837722808,0.21190118675,0.00000000000,0.00001645626,0.00000000000
0.24951006946,0.24949361319,0.21375933071,0.00000000000,0.00001645626,0.00000000000
0.25205484135,0.25203838509,0.21562922570,0.00000000000,0.00001645626,0.00000000000
0.25347972595,0.25346326968,0.21748843033,0.00000000000,0.00001645626,0.00000000000
0.25572172361,0.25570526734,0.21931498446,0.00000000000,0.00001645626,0.00000000000
0.25805461555,0.25803815929,0.22108774016,0.00000000000,0.00001645626,0.00000000000
0.26023186506,0.26021540880,0.22278666489,0.00000000000,0.00001645626,0.00000000000
0.26186218962,0.26184573335,0.22439311331,0.00000000000,0.00001645626,0.00000000000
0.26373234575,0.26371588949,0.22589006518,0.00000000000,0.00001645626,0.00000000000
0.26508368192,0.26506722565,0.22726232726,0.00000000000,0.00001645626,0.00000000000
0.26681972899,0.26680333307,0.22849669810,0.00000000000,0.00001639592,0.00000000000
0.26911550111,0.26909931912,0.22958209506,0.00000000000,0.00001618199,0.00000000000
0.26920739850,0.26919121651,0.23050964369,0.00000000000,0.00001618199,0.00000000000
0.27147092199,0.27145473999,0.23127273013,0.00000000000,0.00001618199,0.00000000000
0.27217043479,0.27215425280,0.23186701772,0.00000000000,0.00001618199,0.00000000000
0.27268412058,0.27266793859,0.23229042962,0.00000000000,0.00001618199,0.00000000000
0.27303049015,0.27301430815,0.23254309933,0.00000000000,0.00001618199,0.00000000000
0.27322356890,0.27320743079,0.23262729183,0.00000000000,0.00001613811,0.00000000000
0.27330301718,0.27328710945,0.23254729791,0.00000000000,0.00001590772,0.00000000000
0.27372986555,0.27371395782,0.23230930479,0.00000000000,0.00001590772,0.00000000000
0.27372103624,0.27370512851,0.23192124609,0.00000000000,0.00001590772,0.00000000000
0.27353008329,0.27351417557,0.23139263445,0.00000000000,0.00001590772,0.00000000000
0.27260665296,0.27259085494,0.23073438011,0.00000000000,0.00001579801,0.00000000000
0.27165787838,0.27164224492,0.22995859869,0.00000000000,0.00001563345,0.00000000000
0.27173186133,0.27171622788,0.22907841145,0.00000000000,0.00001563345,0.00000000000
0.27064680708,0.27063117363,0.22810774122,0.00000000000,0.00001563345,0.00000000000
0.26867431951,0.26865884514,0.22706110689,0.00000000000,0.00001547437,0.00000000000
0.26899654311,0.26898118393,0.22595341942,0.00000000000,0.00001535918,0.00000000000
0.26758875989,0.26757340071,0.22479978188,0.00000000000,0.00001535918,0.00000000000
0.26619200910,0.26617672671,0.22361529613,0.00000000000,0.00001528238,0.00000000000
0.26603671058,0.26602162567,0.22241487809,0.00000000000,0.00001508491,0.00000000000
0.26385324084,0.26383815593,0.22121308368,0.00000000000,0.00001508491,0.00000000000
0.26204065405,0.26202566514,0.22002394710,0.00000000000,0.00001498891,0.00000000000
0.26179693308,0.26178212244,0.21886083270,0.00000000000,0.00001481064,0.00000000000
0.26040468576,0.26038987512,0.21773630174,0.00000000000,0.00001481064,0.00000000000
0.25947589102,0.25947589102,0.21666199483,0.00000000000,0.00000000000,0.00000000000
0.25862902601,0.25862902601,0.21564853067,0.00000000000,0.00000000000,0.00000000000
0.25722334882,0.25722334882,0.21470542143,0.00000000000,0.00000000000,0.00000000000
0.25643828015,0.25643828015,0.21384100500,0.00000000000,0.00000000000,0.00000000000
0.25586484697,0.25586484697,0.21306239390,0.00000000000,0.00000000000,0.00000000000
0.25474617241,0.25474617241,0.21237544068,0.00000000000,0.00000000000,0.00000000000
0.25457992174,0.25457992174,0.21178471923,0.00000000000,0.00000000000,0.00000000000
0.25428030185,0.25428030185,0.21129352152,0.00000000000,0.00000000000,0.00000000000
0.25306260569,0.25306260569,0.21090386880,0.00000000000,0.00000000000,0.00000000000
0.25347070547,0.25347070547,0.21061653648,0.00000000000,0.00000000000,0.00000000000
0.25440522668,0.25440522668,0.21043109169,0.00000000000,0.00000000000,0.00000000000
0.25325935073,0.25325935073,0.21034594231,0.00000000000,0.00000000000,0.00000000000
0.25294980391,0.25294980391,0.21035839643,0.00000000000,0.00000000000,0.00000000000
0.25355376423,0.25355376423,0.21046473094,0.00000000000,0.00000000000,0.00000000000
0.25383232015,0.25383232015,0.21066026805,0.00000000000,0.00000000000,0.00000000000
0.25378016985,0.25378016985,0.21093945846,0.00000000000,0.00000000000,0.00000000000
0.25455201581,0.25455201581,0.21129596996,0.00000000000,0.00000000000,0.00000000000
0.25587818762,0.25587818762,0.21172278017,0.00000000000,0.00000000000,0.00000000000
0.25594205870,0.25594205870,0.21221227225,0.00000000000,0.00000000000,0.00000000000
0.25681719267,0.25681719267,0.21275633243,0.00000000000,0.00000000000,0.00000000000
0.25738740789,0.25738740789,0.21334644814,0.00000000000,0.00000000000,0.00000000000
0.25873899675,0.25873899675,0.21397380587,0.00000000000,0.00000000000,0.00000000000
0.25940622980,0.25940622980,0.21462938759,0.00000000000,0.00000000000,0.00000000000
0.25982287357,0.25982287357,0.21530406487,0.00000000000,0.00000000000,0.00000000000
0.26041176389,0.26041176389,0.21598869003,0.00000000000,0.00000000000,0.00000000000
0.26192212685,0.26192212685,0.21667418325,0.00000000000,0.00000000000,0.00000000000
0.26347575521,0.26347575521,0.21735161530,0.00000000000,0.00000000000,0.00000000000
0.26381644245,0.26381644245,0.21801228511,0.00000000000,0.00000000000,0.00000000000
0.26459580220,0.26459580220,0.21864779177,0.00000000000,0.00000000000,0.00000000000
0.26592399397,0.26592399397,0.21925010053,0.00000000000,0.00000000000,0.00000000000
0.26624545786,0.26624545786,0.21981160247,0.00000000000,0.00000000000,0.00000000000
0.26641420710,0.26641420710,0.22032516770,0.00000000000,0.00000000000,0.00000000000
0.26654203287,0.26654203287,0.22078419171,0.00000000000,0.00000000000,0.00000000000
0.26792800815,0.26792800815,0.22118263509,0.00000000000,0.00000000000,0.00000000000
0.26783727812,0.26783727812,0.22151505632,0.00000000000,0.00000000000,0.00000000000
0.26787364893,0.26787364893,0.22177663789,0.00000000000,0.00000000000,0.00000000000
0.26847875987,0.26847875987,0.22196320570,0.00000000000,0.00000000000,0.00000000000
0.26868185006,0.26868185006,0.22207124209,0.00000000000,0.00000000000,0.00000000000
0.26883097738,0.26883097738,0.22209789256,0.00000000000,0.00000000000,0.00000000000
0.26887391205,0.26887391205,0.22204096650,0.00000000000,0.00000000000,0.00000000000
0.26797729833,0.26797729833,0.22189893232,0.00000000000,0.00000000000,0.00000000000
0.26754908907,0.26754908907,0.22167090715,0.00000000000,0.00000000000,0.00000000000
0.26705082928,0.26705082928,0.22135664164,0.00000000000,0.00000000000,0.00000000000
0.26653588233,0.26653588233,0.22095650015,0.00000000000,0.00000000000,0.00000000000
0.26563305344,0.26563305344,0.22047143675,0.00000000000,0.00000000000,0.00000000000
0.26494207909,0.26494207909,0.21990296754,0.00000000000,0.00000000000,0.00000000000
0.26466404984,0.26466404984,0.21925313955,0.00000000000,0.00000000000,0.00000000000
0.26353437542,0.26353437542,0.21852449681,0.00000000000,0.00000000000,0.00000000000
0.26238884068,0.26238884068,0.21772004394,0.00000000000,0.00000000000,0.00000000000
0.26106948956,0.26106948956,0.21684320776,0.00000000000,0.00000000000,0.00000000000
0.26000682049,0.26000682049,0.21589779714,0.00000000000,0.00000000000,0.00000000000
0.25873792331,0.25873792331,0.21488796184,0.00000000000,0.00000000000,0.00000000000
0.25706155040,0.25706155040,0.21381815034,0.00000000000,0.00000000000,0.00000000000
0.25433639422,0.25433639422,0.21269306743,0.00000000000,0.00000000000,0.00000000000
0.25352568184,0.25352568184,0.21151763151,0.00000000000,0.00000000000,0.00000000000
0.25222663228,0.25222663228,0.21029693236,0.00000000000,0.00000000000,0.00000000000
0.25046387730,0.25046387730,0.20903618933,0.00000000000,0.00000000000,0.00000000000
0.24870864462,0.24870864462,0.20774071044,0.00000000000,0.00000000000,0.00000000000
0.24751522137,0.24751522137,0.20641585271,0.00000000000,0.00000000000,0.00000000000
0.24579981909,0.24579981909,0.20506698368,0.00000000000,0.00000000000,0.00000000000
0.24400268414,0.24400268414,0.20369944476,0.00000000000,0.00000000000,0.00000000000
0.24192405454,0.24192405454,0.20231851615,0.00000000000,0.00000000000,0.00000000000
0.24039363283,0.24039363283,0.20092938390,0.00000000000,0.00000000000,0.00000000000
0.23805710594,0.23805710594,0.19953710894,0.00000000000,0.00000000000,0.00000000000
0.23664504943,0.23664504943,0.19814659842,0.00000000000,0.00000000000,0.00000000000
0.23565077395,0.23565077395,0.19676257934,0.00000000000,0.00000000000,0.00000000000
0.23334708591,0.23334708591,0.19538957451,0.00000000000,0.00000000000,0.00000000000
0.23116210555,0.23116210555,0.19403188107,0.00000000000,0.00000000000,0.00000000000
0.23029975273,0.23029975273,0.19269355134,0.00000000000,0.00000000000,0.00000000000
0.22925362098,0.22925362098,0.19137837621,0.00000000000,0.00000000000,0.00000000000
0.22789988874,0.22789988874,0.19008987105,0.00000000000,0.00000000000,0.00000000000
0.22600990498,0.22600990498,0.18883126391,0.00000000000,0.00000000000,0.00000000000
0.22450796468,0.22450796468,0.18760548626,0.00000000000,0.00000000000,0.00000000000
0.22312432410,0.22312432410,0.18641516597,0.00000000000,0.00000000000,0.00000000000
0.22155966769,0.22155966769,0.18526262260,0.00000000000,0.00000000000,0.00000000000
0.21996244148,0.21996244148,0.18414986484,0.00000000000,0.00000000000,0.00000000000
0.21860780198,0.21860780198,0.18307859009,0.00000000000,0.00000000000,0.00000000000
0.21731363395,0.21731363395,0.18205018593,0.00000000000,0.00000000000,0.00000000000
0.21650082817,0.21650082817,0.18106573357,0.00000000000,0.00000000000,0.00000000000
0.21554466870,0.21554466870,0.18012601296,0.00000000000,0.00000000000,0.00000000000
0.21479687475,0.21479687475,0.17923150963,0.00000000000,0.00000000000,0.00000000000
0.21347569683,0.21347569683,0.17838242294,0.00000000000,0.00000000000,0.00000000000
0.21261837763,0.21261837763,0.17757867579,0.00000000000,0.00000000000,0.00000000000
0.21146277395,0.21146277395,0.17681992551,0.00000000000,0.00000000000,0.00000000000
0.21061966902,0.21061966902,0.17610557593,0.00000000000,0.00000000000,0.00000000000
0.21020899588,0.21020899588,0.17543479037,0.00000000000,0.00000000000,0.00000000000
0.20929850907,0.20929850907,0.17480650556,0.00000000000,0.00000000000,0.00000000000
0.20813441665,0.20813441665,0.17421944617,0.00000000000,0.00000000000,0.00000000000
0.20700837442,0.20700837442,0.17367214010,0.00000000000,0.00000000000,0.00000000000
0.20637469309,0.20637469309,0.17316293408,0.00000000000,0.00000000000,0.00000000000
0.20650660669,0.20650660669,0.17269000977,0.00000000000,0.00000000000,0.00000000000
0.20607580763,0.20607580763,0.17225139998,0.00000000000,0.00000000000,0.00000000000
0.20524731503,0.20524731503,0.17184500512,0.00000000000,0.00000000000,0.00000000000
0.20482661951,0.20482661951,0.17146860966,0.00000000000,0.00000000000,0.00000000000
0.20494126767,0.20494126767,0.17111989848,0.00000000000,0.00000000000,0.00000000000
0.20461387820,0.20461387820,0.17079647313,0.00000000000,0.00000000000,0.00000000000
0.20405886747,0.20405886747,0.17049586776,0.00000000000,0.00000000000,0.00000000000
0.20293747693,0.20293747693,0.17021556482,0.00000000000,0.00000000000,0.00000000000
0.20222704004,0.20222704004,0.16995301030,0.00000000000,0.00000000000,0.00000000000
0.20203721671,0.20203721671,0.16970562854,0.00000000000,0.00000000000,0.00000000000
0.20185858225,0.20185858225,0.16947083648,0.00000000000,0.00000000000,0.00000000000
0.20152429926,0.20152429926,0.16924605736,0.00000000000,0.00000000000,0.00000000000
0.20095741692,0.20095741692,0.16902873380,0.00000000000,0.00000000000,0.00000000000
0.20048012420,0.20048012420,0.16881634022,0.00000000000,0.00000000000,0.00000000000
0.20006934189,0.20006934189,0.16860639450,0.00000000000,0.00000000000,0.00000000000
0.19989051386,0.19989051386,0.16839646899,0.00000000000,0.00000000000,0.00000000000
0.19950113662,0.19950113662,0.16818420074,0.00000000000,0.00000000000,0.00000000000
0.19887453486,0.19887453486,0.16796730093,0.00000000000,0.00000000000,0.00000000000
0.19857257448,0.19857257448,0.16774356355,0.00000000000,0.00000000000,0.00000000000
0.19840672541,0.19840672541,0.16751087330,0.00000000000,0.00000000000,0.00000000000
0.19778930409,0.19778930409,0.16726721266,0.00000000000,0.00000000000,0.00000000000
0.19706488190,0.19706488190,0.16701066821,0.00000000000,0.00000000000,0.00000000000
0.19618020409,0.19618020409,0.16673943612,0.00000000000,0.00000000000,0.00000000000
0.19591403328,0.19591403328,0.16645182694,0.00000000000,0.00000000000,0.00000000000
0.19513383473,0.19513383473,0.16614626954,0.00000000000,0.00000000000,0.00000000000
0.19421708604,0.19421708604,0.16582131438,0.00000000000,0.00000000000,0.00000000000
0.19372854938,0.19372854938,0.16547563604,0.00000000000,0.00000000000,0.00000000000
0.19339475105,0.19339475105,0.16510803500,0.00000000000,0.00000000000,0.00000000000
0.19321198405,0.19321198405,0.16471743885,0.00000000000,0.00000000000,0.00000000000
0.19267765067,0.19267765067,0.16430290273,0.00000000000,0.00000000000,0.00000000000
0.19189413381,0.19189413381,0.16386360924,0.00000000000,0.00000000000,0.00000000000
0.19101520817,0.19101520817,0.16339886773,0.00000000000,0.00000000000,0.00000000000
0.19054039314,0.19054039314,0.16290811304,0.00000000000,0.00000000000,0.00000000000
0.18997739093,0.18997739093,0.16239090372,0.00000000000,0.00000000000,0.00000000000
0.18916419641,0.18916419641,0.16184691974,0.00000000000,0.00000000000,0.00000000000
0.18835531008,0.18835531008,0.16127595981,0.00000000000,0.00000000000,0.00000000000
0.18735687617,0.18735687617,0.16067793816,0.00000000000,0.00000000000,0.00000000000
0.18642806311,0.18642806311,0.16005288109,0.00000000000,0.00000000000,0.00000000000
0.18601159291,0.18601159291,0.15940092303,0.00000000000,0.00000000000,0.00000000000
0.18526857432,0.18526857432,0.15872230240,0.00000000000,0.00000000000,0.00000000000
0.18389419255,0.18389419255,0.15801735708,0.00000000000,0.00000000000,0.00000000000
0.18320234016,0.18320234016,0.15728651974,0.00000000000,0.00000000000,0.00000000000
0.18229581583,0.18229581583,0.15653031291,0.00000000000,0.00000000000,0.00000000000
0.18149861497,0.18149861497,0.15574934380,0.00000000000,0.00000000000,0.00000000000
0.18103928994,0.18103928994,0.15494429914,0.00000000000,0.00000000000,0.00000000000
0.18032130232,0.18032130232,0.15411593973,0.00000000000,0.00000000000,0.00000000000
0.17926644051,0.17926644051,0.15326509499,0.00000000000,0.00000000000,0.00000000000
0.17807747069,0.17807747069,0.15239265742,0.00000000000,0.00000000000,0.00000000000
0.17730203039,0.17730203039,0.15149957709,0.00000000000,0.00000000000,0.00000000000
0.17633842798,0.17633842798,0.15058685600,0.00000000000,0.00000000000,0.00000000000
0.17497233410,0.17497233410,0.14965554257,0.00000000000,0.00000000000,0.00000000000
0.17377536173,0.17377536173,0.14870672610,0.00000000000,0.00000000000,0.00000000000
0.17286140517,0.17286140517,0.14774153135,0.00000000000,0.00000000000,0.00000000000
0.17181908226,0.17181908226,0.14676111313,0.00000000000,0.00000000000,0.00000000000
0.17072320077,0.17072320077,0.14576665105,0.00000000000,0.00000000000,0.00000000000
0.16962706078,0.16962706078,0.14475934435,0.00000000000,0.00000000000,0.00000000000
0.16854658199,0.16854658199,0.14374040688,0.00000000000,0.00000000000,0.00000000000
0.16745764964,0.16745764964,0.14271106223,0.00000000000,0.00000000000,0.00000000000
0.16641496618,0.16641496618,0.14167253901,0.00000000000,0.00000000000,0.00000000000
0.16541883715,0.16541883715,0.14062606631,0.00000000000,0.00000000000,0.00000000000
0.16443970325,0.16443970325,0.13957286931,0.00000000000,0.00000000000,0.00000000000
0.16305782014,0.16305782014,0.13851416515,0.00000000000,0.00000000000,0.00000000000
0.16164674718,0.16164674718,0.13745115892,0.00000000000,0.00000000000,0.00000000000
0.16052290283,0.16052290283,0.13638503991,0.00000000000,0.00000000000,0.00000000000
0.15952591975,0.15952591975,0.13531697806,0.00000000000,0.00000000000,0.00000000000
0.15869134657,0.15869134657,0.13424812057,0.00000000000,0.00000000000,0.00000000000
0.15735004993,0.15735004993,0.13317958885,0.00000000000,0.00000000000,0.00000000000
0.15571243424,0.15571243424,0.13211247554,0.00000000000,0.00000000000,0.00000000000
0.15440468007,0.15440468007,0.13104784185,0.00000000000,0.00000000000,0.00000000000
0.15314904972,0.15314904972,0.12998671511,0.00000000000,0.00000000000,0.00000000000
0.15199133822,0.15199133822,0.12893008649,0.00000000000,0.00000000000,0.00000000000
0.15096680835,0.15096680835,0.12787890899,0.00000000000,0.00000000000,0.00000000000
0.14991955494,0.14991955494,0.12683409564,0.00000000000,0.00000000000,0.00000000000
0.14868805246,0.14868805246,0.12579651784,0.00000000000,0.00000000000,0.00000000000
0.14742336121,0.14742336121,0.12476700404,0.00000000000,0.00000000000,0.00000000000
0.14628916402,0.14628916402,0.12374633846,0.00000000000,0.00000000000,0.00000000000
0.14534327114,0.14534327114,0.12273526021,0.00000000000,0.00000000000,0.00000000000
0.14431626155,0.14431626155,0.12173446237,0.00000000000,0.00000000000,0.00000000000
0.14311972174,0.14311972174,0.12074459147,0.00000000000,0.00000000000,0.00000000000
0.14183436127,0.14183436127,0.11976624701,0.00000000000,0.00000000000,0.00000000000
0.14073470496,0.14073470496,0.11879998120,0.00000000000,0.00000000000,0.00000000000
0.13965424281,0.13965424281,0.11784629891,0.00000000000,0.00000000000,0.00000000000
0.13851153923,0.13851153923,0.11690565769,0.00000000000,0.00000000000,0.00000000000
0.13731206236,0.13731206236,0.11597846802,0.00000000000,0.00000000000,0.00000000000
0.13621583948,0.13621583948,0.11506509366,0.00000000000,0.00000000000,0.00000000000
0.13526353904,0.13526353904,0.11416585218,0.00000000000,0.00000000000,0.00000000000
0.13432697945,0.13432697945,0.11328101554,0.00000000000,0.00000000000,0.00000000000
0.13325623218,0.13325623218,0.11241081088,0.00000000000,0.00000000000,0.00000000000
0.13214454954,0.13214454954,0.11155542140,0.00000000000,0.00000000000,0.00000000000
0.13117628962,0.13117628962,0.11071498726,0.00000000000,0.00000000000,0.00000000000
0.13029546228,0.13029546228,0.10988960671,0.00000000000,0.00000000000,0.00000000000
0.12953650000,0.12953650000,0.10907933724,0.00000000000,0.00000000000,0.00000000000
0.12866315185,0.12866315185,0.10828419678,0.00000000000,0.00000000000,0.00000000000
0.12772566399,0.12772566399,0.10750416501,0.00000000000,0.00000000000,0.00000000000
0.12689104099,0.12689104099,0.10673918480,0.00000000000,0.00000000000,0.00000000000
0.12604632482,0.12604632482,0.10598916355,0.00000000000,0.00000000000,0.00000000000
0.12519209747,0.12519209747,0.10525397475,0.00000000000,0.00000000000,0.00000000000
0.12439840053,0.12439840053,0.10453345946,0.00000000000,0.00000000000,0.00000000000
0.12349084968,0.12349084968,0.10382742790,0.00000000000,0.00000000000,0.00000000000
0.12253721196,0.12253721196,0.10313566104,0.00000000000,0.00000000000,0.00000000000
0.12169677493,0.12169677493,0.10245791222,0.00000000000,0.00000000000,0.00000000000
0.12084795217,0.12084795217,0.10179390880,0.00000000000,0.00000000000,0.00000000000
0.12004698723,0.12004698723,0.10114335379,0.00000000000,0.00000000000,0.00000000000
0.11936024598,0.11936024598,0.10050592751,0.00000000000,0.00000000000,0.00000000000
0.11852172811,0.11852172811,0.09988128927,0.00000000000,0.00000000000,0.00000000000
0.11761410203,0.11761410203,0.09926907901,0.00000000000,0.00000000000,0.00000000000
0.11684416637,0.11684416637,0.09866891895,0.00000000000,0.00000000000,0.00000000000
0.11633247153,0.11633247153,0.09808041520,0.00000000000,0.00000000000,0.00000000000
0.11592464301,0.11592464301,0.09750315943,0.00000000000,0.00000000000,0.00000000000
0.11536115179,0.11536115179,0.09693673039,0.00000000000,0.00000000000,0.00000000000
0.11454843555,0.11454843555,0.09638069554,0.00000000000,0.00000000000,0.00000000000
0.11357219439,0.11357219439,0.09583461255,0.00000000000,0.00000000000,0.00000000000
0.11288433952,0.11288433952,0.09529803082,0.00000000000,0.00000000000,0.00000000000
0.11247232697,0.11247232697,0.09477049297,0.00000000000,0.00000000000,0.00000000000
0.11196896914,0.11196896914,0.09425153622,0.00000000000,0.00000000000,0.00000000000
0.11125460729,0.11125460729,0.09374069385,0.00000000000,0.00000000000,0.00000000000
0.11063583837,0.11063583837,0.09323749648,0.00000000000,0.00000000000,0.00000000000
0.11000302795,0.11000302795,0.09274147343,0.00000000000,0.00000000000,0.00000000000
0.10933474797,0.10933474797,0.09225215395,0.00000000000,0.00000000000,0.00000000000
0.10855244938,0.10855244938,0.09176906844,0.00000000000,0.00000000000,0.00000000000
0.10772556127,0.10772556127,0.09129174961,0.00000000000,0.00000000000,0.00000000000
0.10714479708,0.10714479708,0.09081973358,0.00000000000,0.00000000000,0.00000000000
0.10668180282,0.10668180282,0.09035256096,0.00000000000,0.00000000000,0.00000000000
0.10607512991,0.10607512991,0.08988977782,0.00000000000,0.00000000000,0.00000000000
0.10544363568,0.10544363568,0.08943093669,0.00000000000,0.00000000000,0.00000000000
0.10492794043,0.10492794043,0.08897559742,0.00000000000,0.00000000000,0.00000000000
0.10451000759,0.10451000759,0.08852332806,0.00000000000,0.00000000000,0.00000000000
0.10392529616,0.10392529616,0.08807370563,0.00000000000,0.00000000000,0.00000000000
0.10322377165,0.10322377165,0.08762631687,0.00000000000,0.00000000000,0.00000000000
0.10255859753,0.10255859753,0.08718075894,0.00000000000,0.00000000000,0.00000000000
0.10212088982,0.10212088982,0.08673664003,0.00000000000,0.00000000000,0.00000000000
0.10174865937,0.10174865937,0.08629357999,0.00000000000,0.00000000000,0.00000000000
0.10129000621,0.10129000621,0.08585121079,0.00000000000,0.00000000000,0.00000000000
0.10072769056,0.10072769056,0.08540917709,0.00000000000,0.00000000000,0.00000000000
0.10016613029,0.10016613029,0.08496713659,0.00000000000,0.00000000000,0.00000000000
0.09958192549,0.09958192549,0.08452476049,0.00000000000,0.00000000000,0.00000000000
0.09887634044,0.09887634044,0.08408173376,0.00000000000,0.00000000000,0.00000000000
0.09818444850,0.09818444850,0.08363775549,0.00000000000,0.00000000000,0.00000000000
0.09752458464,0.09752458464,0.08319253908,0.00000000000,0.00000000000,0.00000000000
0.09690923058,0.09690923058,0.08274581249,0.00000000000,0.00000000000,0.00000000000
0.09635385423,0.09635385423,0.08229731837,0.00000000000,0.00000000000,0.00000000000
0.09589557255,0.09589557255,0.08184681419,0.00000000000,0.00000000000,0.00000000000
0.09536908925,0.09536908925,0.08139407231,0.00000000000,0.00000000000,0.00000000000
0.09471125281,0.09471125281,0.08093888003,0.00000000000,0.00000000000,0.00000000000
0.09413164281,0.09413164281,0.08048103958,0.00000000000,0.00000000000,0.00000000000
0.09348363221,0.09348363221,0.08002036810,0.00000000000,0.00000000000,0.00000000000
0.09275488052,0.09275488052,0.07955669757,0.00000000000,0.00000000000,0.00000000000
0.09209790214,0.09209790214,0.07908987471,0.00000000000,0.00000000000,0.00000000000
0.09161672604,0.09161672604,0.07861976086,0.00000000000,0.00000000000,0.00000000000
0.09119047634,0.09119047634,0.07814623181,0.00000000000,0.00000000000,0.00000000000
0.09072607951,0.09072607951,0.07766917760,0.00000000000,0.00000000000,0.00000000000
0.09017730789,0.09017730789,0.07718850236,0.00000000000,0.00000000000,0.00000000000
0.08956557797,0.08956557797,0.07670412404,0.00000000000,0.00000000000,0.00000000000
0.08895658838,0.08895658838,0.07621597414,0.00000000000,0.00000000000,0.00000000000
0.08828512330,0.08828512330,0.07572399745,0.00000000000,0.00000000000,0.00000000000
0.08755512192,0.08755512192,0.07522815176,0.00000000000,0.00000000000,0.00000000000
0.08689541800,0.08689541800,0.07472840752,0.00000000000,0.00000000000,0.00000000000
0.08627201061,0.08627201061,0.07422474751,0.00000000000,0.00000000000,0.00000000000
0.08566875659,0.08566875659,0.07371716653,0.00000000000,0.00000000000,0.00000000000
0.08501918798,0.08501918798,0.07320567097,0.00000000000,0.00000000000,0.00000000000
0.08437376097,0.08437376097,0.07269027848,0.00000000000,0.00000000000,0.00000000000
0.08371300923,0.08371300923,0.07217101759,0.00000000000,0.00000000000,0.00000000000
0.08301402291,0.08301402291,0.07164792729,0.00000000000,0.00000000000,0.00000000000
0.08238851810,0.08238851810,0.07112105663,0.00000000000,0.00000000000,0.00000000000
0.08174728719,0.08174728719,0.07059046431,0.00000000000,0.00000000000,0.00000000000
0.08101930080,0.08101930080,0.07005621828,0.00000000000,0.00000000000,0.00000000000
0.08023293473,0.08023293473,0.06951839529,0.00000000000,0.00000000000,0.00000000000
0.07950442516,0.07950442516,0.06897708048,0.00000000000,0.00000000000,0.00000000000
0.07892686956,0.07892686956,0.06843236697,0.00000000000,0.00000000000,0.00000000000
0.07843569772,0.07843569772,0.06788435538,0.00000000000,0.00000000000,0.00000000000
0.07787278898,0.07787278898,0.06733315346,0.00000000000,0.00000000000,0.00000000000
0.07722020806,0.07722020806,0.06677887560,0.00000000000,0.00000000000,0.00000000000
0.07654288212,0.07654288212,0.06622164247,0.00000000000,0.00000000000,0.00000000000
0.07582386917,0.07582386917,0.06566158053,0.00000000000,0.00000000000,0.00000000000
0.07510337046,0.07510337046,0.06509882163,0.00000000000,0.00000000000,0.00000000000
0.07440246346,0.07440246346,0.06453350264,0.00000000000,0.00000000000,0.00000000000
0.07375458408,0.07375458408,0.06396576493,0.00000000000,0.00000000000,0.00000000000
0.07312654583,0.07312654583,0.06339575408,0.00000000000,0.00000000000,0.00000000000
0.07250386452,0.07250386452,0.06282361939,0.00000000000,0.00000000000,0.00000000000
0.07190820499,0.07190820499,0.06224951352,0.00000000000,0.00000000000,0.00000000000
0.07126671661,0.07126671661,0.06167359212,0.00000000000,0.00000000000,0.00000000000
0.07060614315,0.07060614315,0.06109601339,0.00000000000,0.00000000000,0.00000000000
0.06986934763,0.06986934763,0.06051693777,0.00000000000,0.00000000000,0.00000000000
0.06910807548,0.06910807548,0.05993652756,0.00000000000,0.00000000000,0.00000000000
0.06833234059,0.06833234059,0.05935494654,0.00000000000,0.00000000000,0.00000000000
0.06760264478,0.06760264478,0.05877235966,0.00000000000,0.00000000000,0.00000000000
0.06693127260,0.06693127260,0.05818893266,0.00000000000,0.00000000000,0.00000000000
0.06625125886,0.06625125886,0.05760483181,0.00000000000,0.00000000000,0.00000000000
0.06559322977,0.06559322977,0.05702022354,0.00000000000,0.00000000000,0.00000000000
0.06498217458,0.06498217458,0.05643527417,0.00000000000,0.00000000000,0.00000000000
0.06434287218,0.06434287218,0.05585014961,0.00000000000,0.00000000000,0.00000000000
0.06368632602,0.06368632602,0.05526501506,0.00000000000,0.00000000000,0.00000000000
0.06302440419,0.06302440419,0.05468003478,0.00000000000,0.00000000000,0.00000000000
0.06238668064,0.06238668064,0.05409537179,0.00000000000,0.00000000000,0.00000000000
0.06169049447,0.06169049447,0.05351118766,0.00000000000,0.00000000000,0.00000000000
0.06094603310,0.06094603310,0.05292764225,0.00000000000,0.00000000000,0.00000000000
0.06027443304,0.06027443304,0.05234489350,0.00000000000,0.00000000000,0.00000000000
0.05968854761,0.05968854761,0.05176309722,0.00000000000,0.00000000000,0.00000000000
0.05917180834,0.05917180834,0.05118240688,0.00000000000,0.00000000000,0.00000000000
0.05856046600,0.05856046600,0.05060297344,0.00000000000,0.00000000000,0.00000000000
0.05787943508,0.05787943508,0.05002494515,0.00000000000,0.00000000000,0.00000000000
0.05717971249,0.05717971249,0.04944846741,0.00000000000,0.00000000000,0.00000000000
0.05650767197,0.05650767197,0.04887368259,0.00000000000,0.00000000000,0.00000000000
0.05584355915,0.05584355915,0.04830072992,0.00000000000,0.00000000000,0.00000000000
0.05519840757,0.05519840757,0.04772974534,0.00000000000,0.00000000000,0.00000000000
0.05454315538,0.05454315538,0.04716086137,0.00000000000,0.00000000000,0.00000000000
0.05389112380,0.05389112380,0.04659420703,0.00000000000,0.00000000000,0.00000000000
0.05324399564,0.05324399564,0.04602990771,0.00000000000,0.00000000000,0.00000000000
0.05261514813,0.05261514813,0.04546808510,0.00000000000,0.00000000000,0.00000000000
0.05199443875,0.05199443875,0.04490885713,0.00000000000,0.00000000000,0.00000000000
0.05138545350,0.05138545350,0.04435233786,0.00000000000,0.00000000000,0.00000000000
0.05075577161,0.05075577161,0.04379863744,0.00000000000,0.00000000000,0.00000000000
0.05010141513,0.05010141513,0.04324786209,0.00000000000,0.00000000000,0.00000000000
0.04948237600,0.04948237600,0.04270011401,0.00000000000,0.00000000000,0.00000000000
0.04885292068,0.04885292068,0.04215549140,0.00000000000,0.00000000000,0.00000000000
0.04820741757,0.04820741757,0.04161408839,0.00000000000,0.00000000000,0.00000000000
0.04753932815,0.04753932815,0.04107599506,0.00000000000,0.00000000000,0.00000000000
0.04691362904,0.04691362904,0.04054129745,0.00000000000,0.00000000000,0.00000000000
0.04635800622,0.04635800622,0.04001007750,0.00000000000,0.00000000000,0.00000000000
0.04582498178,0.04582498178,0.03948241312,0.00000000000,0.00000000000,0.00000000000
0.04526216906,0.04526216906,0.03895837819,0.00000000000,0.00000000000,0.00000000000
0.04469614676,0.04469614676,0.03843804258,0.00000000000,0.00000000000,0.00000000000
0.04410802992,0.04410802992,0.03792147217,0.00000000000,0.00000000000,0.00000000000
0.04355246278,0.04355246278,0.03740872893,0.00000000000,0.00000000000,0.00000000000
0.04299303176,0.04299303176,0.03689987089,0.00000000000,0.00000000000,0.00000000000
0.04242922499,0.04242922499,0.03639495229,0.00000000000,0.00000000000,0.00000000000
0.04184831226,0.04184831226,0.03589402352,0.00000000000,0.00000000000,0.00000000000
0.04125811626,0.04125811626,0.03539713129,0.00000000000,0.00000000000,0.00000000000
0.04067717956,0.04067717956,0.03490431860,0.00000000000,0.00000000000,0.00000000000
0.04010088279,0.04010088279,0.03441562489,0.00000000000,0.00000000000,0.00000000000
0.03955903294,0.03955903294,0.03393108605,0.00000000000,0.00000000000,0.00000000000
0.03902593522,0.03902593522,0.03345073454,0.00000000000,0.00000000000,0.00000000000
0.03848449974,0.03848449974,0.03297459944,0.00000000000,0.00000000000,0.00000000000
0.03792293850,0.03792293850,0.03250270656,0.00000000000,0.00000000000,0.00000000000
0.03736623857,0.03736623857,0.03203507850,0.00000000000,0.00000000000,0.00000000000
0.03680184299,0.03680184299,0.03157173477,0.00000000000,0.00000000000,0.00000000000
0.03626401702,0.03626401702,0.03111269186,0.00000000000,0.00000000000,0.00000000000
0.03574671992,0.03574671992,0.03065796335,0.00000000000,0.00000000000,0.00000000000
0.03521126829,0.03521126829,0.03020755999,0.00000000000,0.00000000000,0.00000000000
0.03468752680,0.03468752680,0.02976148980,0.00000000000,0.00000000000,0.00000000000
0.03419632798,0.03419632798,0.02931975820,0.00000000000,0.00000000000,0.00000000000
0.03371083588,0.03371083588,0.02888236806,0.00000000000,0.00000000000,0.00000000000
0.03322880467,0.03322880467,0.02844931983,0.00000000000,0.00000000000,0.00000000000
0.03273954634,0.03273954634,0.02802061166,0.00000000000,0.00000000000,0.00000000000
0.03228333805,0.03228333805,0.02759623947,0.00000000000,0.00000000000,0.00000000000
0.03181255532,0.03181255532,0.02717619705,0.00000000000,0.00000000000,0.00000000000
0.03133846412,0.03133846412,0.02676047618,0.00000000000,0.00000000000,0.00000000000
0.03085645159,0.03085645159,0.02634906676,0.00000000000,0.00000000000,0.00000000000
0.03037058233,0.03037058233,0.02594195683,0.00000000000,0.00000000000,0.00000000000
0.02988763789,0.02988763789,0.02553913276,0.00000000000,0.00000000000,0.00000000000
0.02940265249,0.02940265249,0.02514057929,0.00000000000,0.00000000000,0.00000000000
0.02894830501,0.02894830501,0.02474627966,0.00000000000,0.00000000000,0.00000000000
0.02849988375,0.02849988375,0.02435621569,0.00000000000,0.00000000000,0.00000000000
0.02806939327,0.02806939327,0.02397036788,0.00000000000,0.00000000000,0.00000000000
0.02764401359,0.02764401359,0.02358871552,0.00000000000,0.00000000000,0.00000000000
0.02721175596,0.02721175596,0.02321123677,0.00000000000,0.00000000000,0.00000000000
0.02678970523,0.02678970523,0.02283790874,0.00000000000,0.00000000000,0.00000000000
0.02635582895,0.02635582895,0.02246870761,0.00000000000,0.00000000000,0.00000000000
0.02593426504,0.02593426504,0.02210360867,0.00000000000,0.00000000000,0.00000000000
0.02551525261,0.02551525261,0.02174258648,0.00000000000,0.00000000000,0.00000000000
0.02509167436,0.02509167436,0.02138561486,0.00000000000,0.00000000000,0.00000000000
0.02468199234,0.02468199234,0.02103266705,0.00000000000,0.00000000000,0.00000000000
0.02427485366,0.02427485366,0.02068371573,0.00000000000,0.00000000000,0.00000000000
0.02385397645,0.02385397645,0.02033873313,0.00000000000,0.00000000000,0.00000000000
0.02342845896,0.02342845896,0.01999769110,0.00000000000,0.00000000000,0.00000000000
0.02302717875,0.02302717875,0.01966056116,0.00000000000,0.00000000000,0.00000000000
0.02263751719,0.02263751719,0.01932731458,0.00000000000,0.00000000000,0.00000000000
0.02224941359,0.02224941359,0.01899792245,0.00000000000,0.00000000000,0.00000000000
0.02186926850,0.02186926850,0.01867235573,0.00000000000,0.00000000000,0.00000000000
0.02150197957,0.02150197957,0.01835058530,0.00000000000,0.00000000000,0.00000000000
0.02112791175,0.02112791175,0.01803258204,0.00000000000,0.00000000000,0.00000000000
0.02075775673,0.02075775673,0.01771831687,0.00000000000,0.00000000000,0.00000000000
0.02038879019,0.02038879019,0.01740776078,0.00000000000,0.00000000000,0.00000000000
0.02003550255,0.02003550255,0.01710088492,0.00000000000,0.00000000000,0.00000000000
0.01969288900,0.01969288900,0.01679766060,0.00000000000,0.00000000000,0.00000000000
0.01934886101,0.01934886101,0.01649805935,0.00000000000,0.00000000000,0.00000000000
0.01900911489,0.01900911489,0.01620205296,0.00000000000,0.00000000000,0.00000000000
0.01867196694,0.01867196694,0.01590961351,0.00000000000,0.00000000000,0.00000000000
0.01832836678,0.01832836678,0.01562071337,0.00000000000,0.00000000000,0.00000000000
0.01798336828,0.01798336828,0.01533532531,0.00000000000,0.00000000000,0.00000000000
0.01765339074,0.01765339074,0.01505342243,0.00000000000,0.00000000000,0.00000000000
0.01734538464,0.01734538464,0.01477497824,0.00000000000,0.00000000000,0.00000000000
0.01705225794,0.01705225794,0.01449996667,0.00000000000,0.00000000000,0.00000000000
0.01675452787,0.01675452787,0.01422836208,0.00000000000,0.00000000000,0.00000000000
0.01644058033,0.01644058033,0.01396013927,0.00000000000,0.00000000000,0.00000000000
0.01611013823,0.01611013823,0.01369527351,0.00000000000,0.00000000000,0.00000000000
0.01577816614,0.01577816614,0.01343374052,0.00000000000,0.00000000000,0.00000000000
0.01545836663,0.01545836663,0.01317551651,0.00000000000,0.00000000000,0.00000000000
0.01515000204,0.01515000204,0.01292057815,0.00000000000,0.00000000000,0.00000000000
0.01484783014,0.01484783014,0.01266890262,0.00000000000,0.00000000000,0.00000000000
0.01455129383,0.01455129383,0.01242046753,0.00000000000,0.00000000000,0.00000000000
0.01425565802,0.01425565802,0.01217525101,0.00000000000,0.00000000000,0.00000000000
0.01397349629,0.01397349629,0.01193323164,0.00000000000,0.00000000000,0.00000000000
0.01369804478,0.01369804478,0.01169438846,0.00000000000,0.00000000000,0.00000000000
0.01342730024,0.01342730024,0.01145870098,0.00000000000,0.00000000000,0.00000000000
0.01316265003,0.01316265003,0.01122614915,0.00000000000,0.00000000000,0.00000000000
0.01290109896,0.01290109896,0.01099671334,0.00000000000,0.00000000000,0.00000000000
0.01263945699,0.01263945699,0.01077037434,0.00000000000,0.00000000000,0.00000000000
0.01236832520,0.01236832520,0.01054711337,0.00000000000,0.00000000000,0.00000000000
0.01209771070,0.01209771070,0.01032691199,0.00000000000,0.00000000000,0.00000000000
0.01183411968,0.01183411968,0.01010975216,0.00000000000,0.00000000000,0.00000000000
0.01157370835,0.01157370835,0.00989561617,0.00000000000,0.00000000000,0.00000000000
0.01131693890,0.01131693890,0.00968448666,0.00000000000,0.00000000000,0.00000000000
0.01106688267,0.01106688267,0.00947634654,0.00000000000,0.00000000000,0.00000000000
0.01082915362,0.01082915362,0.00927117902,0.00000000000,0.00000000000,0.00000000000
0.01060541837,0.01060541837,0.00906896759,0.00000000000,0.00000000000,0.00000000000
0.01038153748,0.01038153748,0.00886969592,0.00000000000,0.00000000000,0.00000000000
0.01015540522,0.01015540522,0.00867334795,0.00000000000,0.00000000000,0.00000000000
0.00992477009,0.00992477009,0.00847990777,0.00000000000,0.00000000000,0.00000000000
0.00969216222,0.00969216222,0.00828935962,0.00000000000,0.00000000000,0.00000000000
0.00946611896,0.00946611896,0.00810168790,0.00000000000,0.00000000000,0.00000000000
0.00924928861,0.00924928861,0.00791687710,0.00000000000,0.00000000000,0.00000000000
0.00903790146,0.00903790146,0.00773491179,0.00000000000,0.00000000000,0.00000000000
0.00883241471,0.00883241471,0.00755577660,0.00000000000,0.00000000000,0.00000000000
0.00862713654,0.00862713654,0.00737945618,0.00000000000,0.00000000000,0.00000000000
0.00842677452,0.00842677452,0.00720593517,0.00000000000,0.00000000000,0.00000000000
0.00823047982,0.00823047982,0.00703519822,0.00000000000,0.00000000000,0.00000000000
0.00803350043,0.00803350043,0.00686722989,0.00000000000,0.00000000000,0.00000000000
0.00784112415,0.00784112415,0.00670201467,0.00000000000,0.00000000000,0.00000000000
0.00765162285,0.00765162285,0.00653953698,0.00000000000,0.00000000000,0.00000000000
0.00746328789,0.00746328789,0.00637978107,0.00000000000,0.00000000000,0.00000000000
0.00727758492,0.00727758492,0.00622273107,0.00000000000,0.00000000000,0.00000000000
0.00709476972,0.00709476972,0.00606837093,0.00000000000,0.00000000000,0.00000000000
0.00691519826,0.00691519826,0.00591668440,0.00000000000,0.00000000000,0.00000000000
0.00673768266,0.00673768266,0.00576765502,0.00000000000,0.00000000000,0.00000000000
0.00656256776,0.00656256776,0.00562126608,0.00000000000,0.00000000000,0.00000000000
0.00639091916,0.00639091916,0.00547750064,0.00000000000,0.00000000000,0.00000000000
0.00622180512,0.00622180512,0.00533634147,0.00000000000,0.00000000000,0.00000000000
0.00605761064,0.00605761064,0.00519777103,0.00000000000,0.00000000000,0.00000000000
0.00589836553,0.00589836553,0.00506177151,0.00000000000,0.00000000000,0.00000000000
0.00574299849,0.00574299849,0.00492832473,0.00000000000,0.00000000000,0.00000000000
0.00558829759,0.00558829759,0.00479741220,0.00000000000,0.00000000000,0.00000000000
0.00543230369,0.00543230369,0.00466901508,0.00000000000,0.00000000000,0.00000000000
0.00528027823,0.00528027823,0.00454311416,0.00000000000,0.00000000000,0.00000000000
0.00513340347,0.00513340347,0.00441968984,0.00000000000,0.00000000000,0.00000000000
0.00499377917,0.00499377917,0.00429872215,0.00000000000,0.00000000000,0.00000000000
0.00486013968,0.00486013968,0.00418019074,0.00000000000,0.00000000000,0.00000000000
0.00473045681,0.00473045681,0.00406407483,0.00000000000,0.00000000000,0.00000000000
0.00460199829,0.00460199829,0.00395035326,0.00000000000,0.00000000000,0.00000000000
0.00447448842,0.00447448842,0.00383900445,0.00000000000,0.00000000000,0.00000000000
0.00434641189,0.00434641189,0.00373000642,0.00000000000,0.00000000000,0.00000000000
0.00421937249,0.00421937249,0.00362333674,0.00000000000,0.00000000000,0.00000000000
0.00409527798,0.00409527798,0.00351897262,0.00000000000,0.00000000000,0.00000000000
0.00397614955,0.00397614955,0.00341689080,0.00000000000,0.00000000000,0.00000000000
0.00386062170,0.00386062170,0.00331706765,0.00000000000,0.00000000000,0.00000000000
0.00374830224,0.00374830224,0.00321947911,0.00000000000,0.00000000000,0.00000000000
0.00363888809,0.00363888809,0.00312410071,0.00000000000,0.00000000000,0.00000000000
0.00353008965,0.00353008965,0.00303090760,0.00000000000,0.00000000000,0.00000000000
0.00342343257,0.00342343257,0.00293987453,0.00000000000,0.00000000000,0.00000000000
0.00331905976,0.00331905976,0.00285097584,0.00000000000,0.00000000000,0.00000000000
0.00321745761,0.00321745761,0.00276418554,0.00000000000,0.00000000000,0.00000000000
0.00311874046,0.00311874046,0.00267947723,0.00000000000,0.00000000000,0.00000000000
0.00302221356,0.00302221356,0.00259682418,0.00000000000,0.00000000000,0.00000000000
0.00292767782,0.00292767782,0.00251619932,0.00000000000,0.00000000000,0.00000000000
0.00283700458,0.00283700458,0.00243757523,0.00000000000,0.00000000000,0.00000000000
0.00274895717,0.00274895717,0.00236092418,0.00000000000,0.00000000000,0.00000000000
0.00266270855,0.00266270855,0.00228621815,0.00000000000,0.00000000000,0.00000000000
0.00257840925,0.00257840925,0.00221342882,0.00000000000,0.00000000000,0.00000000000
0.00249544632,0.00249544632,0.00214252761,0.00000000000,0.00000000000,0.00000000000
0.00241421575,0.00241421575,0.00207348566,0.00000000000,0.00000000000,0.00000000000
0.00233561123,0.00233561123,0.00200627392,0.00000000000,0.00000000000,0.00000000000
0.00226052009,0.00226052009,0.00194086308,0.00000000000,0.00000000000,0.00000000000
0.00218807967,0.00218807967,0.00187722365,0.00000000000,0.00000000000,0.00000000000
0.00211665680,0.00211665680,0.00181532595,0.00000000000,0.00000000000,0.00000000000
0.00204618042,0.00204618042,0.00175514015,0.00000000000,0.00000000000,0.00000000000
0.00197776174,0.00197776174,0.00169663628,0.00000000000,0.00000000000,0.00000000000
0.00191096707,0.00191096707,0.00163978424,0.00000000000,0.00000000000,0.00000000000
0.00184618655,0.00184618655,0.00158455383,0.00000000000,0.00000000000,0.00000000000
0.00178378475,0.00178378475,0.00153091477,0.00000000000,0.00000000000,0.00000000000
0.00172349333,0.00172349333,0.00147883674,0.00000000000,0.00000000000,0.00000000000
0.00166562484,0.00166562484,0.00142828936,0.00000000000,0.00000000000,0.00000000000
0.00160923885,0.00160923885,0.00137924225,0.00000000000,0.00000000000,0.00000000000
0.00155348083,0.00155348083,0.00133166502,0.00000000000,0.00000000000,0.00000000000
0.00149897607,0.00149897607,0.00128552732,0.00000000000,0.00000000000,0.00000000000
0.00144619456,0.00144619456,0.00124079884,0.00000000000,0.00000000000,0.00000000000
0.00139506035,0.00139506035,0.00119744935,0.00000000000,0.00000000000,0.00000000000
0.00134626887,0.00134626887,0.00115544868,0.00000000000,0.00000000000,0.00000000000
0.00129944408,0.00129944408,0.00111476681,0.00000000000,0.00000000000,0.00000000000
0.00125377312,0.00125377312,0.00107537382,0.00000000000,0.00000000000,0.00000000000
0.00121002594,0.00121002594,0.00103723995,0.00000000000,0.00000000000,0.00000000000
0.00116820356,0.00116820356,0.00100033560,0.00000000000,0.00000000000,0.00000000000
0.00112775894,0.00112775894,0.00096463137,0.00000000000,0.00000000000,0.00000000000
0.00108844576,0.00108844576,0.00093009807,0.00000000000,0.00000000000,0.00000000000
0.00105031447,0.00105031447,0.00089670672,0.00000000000,0.00000000000,0.00000000000
0.00101314359,0.00101314359,0.00086442859,0.00000000000,0.00000000000,0.00000000000
0.00097694833,0.00097694833,0.00083323521,0.00000000000,0.00000000000,0.00000000000
0.00094184173,0.00094184173,0.00080309840,0.00000000000,0.00000000000,0.00000000000
0.00090794142,0.00090794142,0.00077399025,0.00000000000,0.00000000000,0.00000000000
0.00087552173,0.00087552173,0.00074588317,0.00000000000,0.00000000000,0.00000000000
0.00084441249,0.00084441249,0.00071874989,0.00000000000,0.00000000000,0.00000000000
0.00081443858,0.00081443858,0.00069256349,0.00000000000,0.00000000000,0.00000000000
0.00078534231,0.00078534231,0.00066729738,0.00000000000,0.00000000000,0.00000000000
0.00075705581,0.00075705581,0.00064292535,0.00000000000,0.00000000000,0.00000000000
0.00072978443,0.00072978443,0.00061942156,0.00000000000,0.00000000000,0.00000000000
0.00070331704,0.00070331704,0.00059676056,0.00000000000,0.00000000000,0.00000000000
0.00067776923,0.00067776923,0.00057491729,0.00000000000,0.00000000000,0.00000000000
0.00065322848,0.00065322848,0.00055386710,0.00000000000,0.00000000000,0.00000000000
0.00062966931,0.00062966931,0.00053358576,0.00000000000,0.00000000000,0.00000000000
0.00060687713,0.00060687713,0.00051404947,0.00000000000,0.00000000000,0.00000000000
0.00058481462,0.00058481462,0.00049523486,0.00000000000,0.00000000000,0.00000000000
0.00056376842,0.00056376842,0.00047711899,0.00000000000,0.00000000000,0.00000000000
0.00054354542,0.00054354542,0.00045967938,0.00000000000,0.00000000000,0.00000000000
0.00052388413,0.00052388413,0.00044289400,0.00000000000,0.00000000000,0.00000000000
0.00050486344,0.00050486344,0.00042674126,0.00000000000,0.00000000000,0.00000000000
0.00048679236,0.00048679236,0.00041120005,0.00000000000,0.00000000000,0.00000000000
0.00046977635,0.00046977635,0.00039624972,0.00000000000,0.00000000000,0.00000000000
0.00045328990,0.00045328990,0.00038187007,0.00000000000,0.00000000000,0.00000000000
0.00043731279,0.00043731279,0.00036804141,0.00000000000,0.00000000000,0.00000000000
0.00042193421,0.00042193421,0.00035474446,0.00000000000,0.00000000000,0.00000000000
0.00040693006,0.00040693006,0.00034196047,0.00000000000,0.00000000000,0.00000000000
0.00039244414,0.00039244414,0.00032967111,0.00000000000,0.00000000000,0.00000000000
0.00037860465,0.00037860465,0.00031785855,0.00000000000,0.00000000000,0.00000000000
0.00036528323,0.00036528323,0.00030650543,0.00000000000,0.00000000000,0.00000000000
0.00035240713,0.00035240713,0.00029559484,0.00000000000,0.00000000000,0.00000000000
0.00034012337,0.00034012337,0.00028511035,0.00000000000,0.00000000000,0.00000000000
0.00032851350,0.00032851350,0.00027503597,0.00000000000,0.00000000000,0.00000000000
0.00031737492,0.00031737492,0.00026535619,0.00000000000,0.00000000000,0.00000000000
0.00030668605,0.00030668605,0.00025605594,0.00000000000,0.00000000000,0.00000000000
0.00029645778,0.00029645778,0.00024712062,0.00000000000,0.00000000000,0.00000000000
0.00028645282,0.00028645282,0.00023853604,0.00000000000,0.00000000000,0.00000000000
0.00027670606,0.00027670606,0.00023028849,0.00000000000,0.00000000000,0.00000000000
0.00026733125,0.00026733125,0.00022236466,0.00000000000,0.00000000000,0.00000000000
0.00025829262,0.00025829262,0.00021475169,0.00000000000,0.00000000000,0.00000000000
0.00024957037,0.00024957037,0.00020743713,0.00000000000,0.00000000000,0.00000000000
0.00024119379,0.00024119379,0.00020040895,0.00000000000,0.00000000000,0.00000000000
0.00023315660,0.00023315660,0.00019365552,0.00000000000,0.00000000000,0.00000000000
0.00022543505,0.00022543505,0.00018716562,0.00000000000,0.00000000000,0.00000000000
0.00021801110,0.00021801110,0.00018092842,0.00000000000,0.00000000000,0.00000000000
0.00021086244,0.00021086244,0.00017493348,0.00000000000,0.00000000000,0.00000000000
0.00020402378,0.00020402378,0.00016917073,0.00000000000,0.00000000000,0.00000000000
0.00019748833,0.00019748833,0.00016363046,0.00000000000,0.00000000000,0.00000000000
0.00019116493,0.00019116493,0.00015830334,0.00000000000,0.00000000000,0.00000000000
0.00018506945,0.00018506945,0.00015318039,0.00000000000,0.00000000000,0.00000000000
0.00017930749,0.00017930749,0.00014825295,0.00000000000,0.00000000000,0.00000000000
0.00017386221,0.00017386221,0.00014351274,0.00000000000,0.00000000000,0.00000000000
0.00016863180,0.00016863180,0.00013895175,0.00000000000,0.00000000000,0.00000000000
0.00016354175,0.00016354175,0.00013456233,0.00000000000,0.00000000000,0.00000000000
0.00015860018,0.00015860018,0.00013033713,0.00000000000,0.00000000000,0.00000000000
0.00015376429,0.00015376429,0.00012626909,0.00000000000,0.00000000000,0.00000000000
0.00014898363,0.00014898363,0.00012235145,0.00000000000,0.00000000000,0.00000000000
0.00014435216,0.00014435216,0.00011857772,0.00000000000,0.00000000000,0.00000000000
0.00013990360,0.00013990360,0.00011494170,0.00000000000,0.00000000000,0.00000000000
0.00013563413,0.00013563413,0.00011143744,0.00000000000,0.00000000000,0.00000000000
0.00013159120,0.00013159120,0.00010805927,0.00000000000,0.00000000000,0.00000000000
0.00012772551,0.00012772551,0.00010480173,0.00000000000,0.00000000000,0.00000000000
0.00012395915,0.00012395915,0.00010165963,0.00000000000,0.00000000000,0.00000000000
0.00012027401,0.00012027401,0.00009862801,0.00000000000,0.00000000000,0.00000000000
0.00011668459,0.00011668459,0.00009570210,0.00000000000,0.00000000000,0.00000000000
0.00011324519,0.00011324519,0.00009287739,0.00000000000,0.00000000000,0.00000000000
0.00010993566,0.00010993566,0.00009014954,0.00000000000,0.00000000000,0.00000000000
0.00010670897,0.00010670897,0.00008751443,0.00000000000,0.00000000000,0.00000000000
0.00010359943,0.00010359943,0.00008496812,0.00000000000,0.00000000000,0.00000000000
0.00010060758,0.00010060758,0.00008250686,0.00000000000,0.00000000000,0.00000000000
0.00009773444,0.00009773444,0.00008012706,0.00000000000,0.00000000000,0.00000000000
0.00009498357,0.00009498357,0.00007782532,0.00000000000,0.00000000000,0.00000000000
0.00009233047,0.00009233047,0.00007559840,0.00000000000,0.00000000000,0.00000000000
0.00008979843,0.00008979843,0.00007344319,0.00000000000,0.00000000000,0.00000000000
0.00008734892,0.00008734892,0.00007135676,0.00000000000,0.00000000000,0.00000000000
0.00008490781,0.00008490781,0.00006933630,0.00000000000,0.00000000000,0.00000000000
0.00008251517,0.00008251517,0.00006737914,0.00000000000,0.00000000000,0.00000000000
0.00008023055,0.00008023055,0.00006548275,0.00000000000,0.00000000000,0.00000000000
0.00007801840,0.00007801840,0.00006364470,0.00000000000,0.00000000000,0.00000000000
0.00007585277,0.00007585277,0.00006186270,0.00000000000,0.00000000000,0.00000000000
0.00007374331,0.00007374331,0.00006013457,0.00000000000,0.00000000000,0.00000000000
0.00007167590,0.00007167590,0.00005845822,0.00000000000,0.00000000000,0.00000000000
0.00006963881,0.00006963881,0.00005683167,0.00000000000,0.00000000000,0.00000000000
0.00006763658,0.00006763658,0.00005525305,0.00000000000,0.00000000000,0.00000000000
0.00006570267,0.00006570267,0.00005372056,0.00000000000,0.00000000000,0.00000000000
0.00006384988,0.00006384988,0.00005223250,0.00000000000,0.00000000000,0.00000000000
0.00006207689,0.00006207689,0.00005078726,0.00000000000,0.00000000000,0.00000000000
0.00006040388,0.00006040388,0.00004938328,0.00000000000,0.00000000000,0.00000000000
0.00005882057,0.00005882057,0.00004801910,0.00000000000,0.00000000000,0.00000000000
0.00005727066,0.00005727066,0.00004669333,0.00000000000,0.00000000000,0.00000000000
0.00005572901,0.00005572901,0.00004540464,0.00000000000,0.00000000000,0.00000000000
0.00005422340,0.00005422340,0.00004415175,0.00000000000,0.00000000000,0.00000000000
0.00005274390,0.00005274390,0.00004293346,0.00000000000,0.00000000000,0.00000000000
0.00005129526,0.00005129526,0.00004174862,0.00000000000,0.00000000000,0.00000000000
0.00004989031,0.00004989031,0.00004059614,0.00000000000,0.00000000000,0.00000000000
0.00004849685,0.00004849685,0.00003947496,0.00000000000,0.00000000000,0.00000000000
0.00004712351,0.00004712351,0.00003838409,0.00000000000,0.00000000000,0.00000000000
0.00004579404,0.00004579404,0.00003732258,0.00000000000,0.00000000000,0.00000000000
0.00004451358,0.00004451358,0.00003628951,0.00000000000,0.00000000000,0.00000000000
0.00004327048,0.00004327048,0.00003528402,0.00000000000,0.00000000000,0.00000000000
0.00004203440,0.00004203440,0.00003430527,0.00000000000,0.00000000000,0.00000000000
0.00004083389,0.00004083389,0.00003335246,0.00000000000,0.00000000000,0.00000000000
0.00003968636,0.00003968636,0.00003242483,0.00000000000,0.00000000000,0.00000000000
0.00003857466,0.00003857466,0.00003152165,0.00000000000,0.00000000000,0.00000000000
0.00003749909,0.00003749909,0.00003064223,0.00000000000,0.00000000000,0.00000000000
0.00003646868,0.00003646868,0.00002978587,0.00000000000,0.00000000000,0.00000000000
0.00003548088,0.00003548088,0.00002895195,0.00000000000,0.00000000000,0.00000000000
0.00003450789,0.00003450789,0.00002813985,0.00000000000,0.00000000000,0.00000000000
0.00003355426,0.00003355426,0.00002734895,0.00000000000,0.00000000000,0.00000000000
0.00003262424,0.00003262424,0.00002657869,0.00000000000,0.00000000000,0.00000000000
0.00003171343,0.00003171343,0.00002582852,0.00000000000,0.00000000000,0.00000000000
0.00003082083,0.00003082083,0.00002509790,0.00000000000,0.00000000000,0.00000000000
0.00002995629,0.00002995629,0.00002438632,0.00000000000,0.00000000000,0.00000000000
0.00002912201,0.00002912201,0.00002369329,0.00000000000,0.00000000000,0.00000000000
0.00002831556,0.00002831556,0.00002301831,0.00000000000,0.00000000000,0.00000000000
0.00002752731,0.00002752731,0.00002236094,0.00000000000,0.00000000000,0.00000000000
0.00002674766,0.00002674766,0.00002172072,0.00000000000,0.00000000000,0.00000000000
0.00002597375,0.00002597375,0.00002109721,0.00000000000,0.00000000000,0.00000000000
0.00002521227,0.00002521227,0.00002049000,0.00000000000,0.00000000000,0.00000000000
0.00002446735,0.00002446735,0.00001989869,0.00000000000,0.00000000000,0.00000000000
0.00002374389,0.00002374389,0.00001932287,0.00000000000,0.00000000000,0.00000000000
0.00002305471,0.00002305471,0.00001876216,0.00000000000,0.00000000000,0.00000000000
0.00002239233,0.00002239233,0.00001821619,0.00000000000,0.00000000000,0.00000000000
0.00002175651,0.00002175651,0.00001768459,0.00000000000,0.00000000000,0.00000000000
0.00002113394,0.00002113394,0.00001716703,0.00000000000,0.00000000000,0.00000000000
0.00002051473,0.00002051473,0.00001666314,0.00000000000,0.00000000000,0.00000000000
0.00001990246,0.00001990246,0.00001617261,0.00000000000,0.00000000000,0.00000000000



















































































































































































